thetas,mean,std
"6331.833333333329,-1106.0198809926278",101066.25,51565.1899106445
