thetas,mean,std
"6320.455176090703,-1104.0308729775475",101066.25,51565.1899106445
