thetas,mean,std
"6320.455225611628,-1104.0305970229979",101066.25,51565.1899106445
